[
  {"id": "local_001", "title": "Centro Comercial Andino - Bogotá"},
  {"id": "local_002", "title": "Plaza Mayor - Medellín"},
  {"id": "local_003", "title": "Centro Comercial Unicentro - Bogotá"},
  {"id": "local_004", "title": "Centro Comercial Santafé - Bogotá"},
  {"id": "local_005", "title": "Centro Comercial El Tesoro - Medellín"},
  {"id": "local_006", "title": "Centro Comercial Santa Fe - Medellín"},
  {"id": "local_007", "title": "Centro Comercial Jardín Plaza - Cali"},
  {"id": "local_008", "title": "Centro Comercial Chipichape - Cali"},
  {"id": "local_009", "title": "Centro Comercial Palmetto - Cali"},
  {"id": "local_010", "title": "Centro Comercial Parque la Colina - Bogotá"},
  {"id": "local_011", "title": "Centro Comercial Gran Estación - Bogotá"},
  {"id": "local_012", "title": "Centro Comercial Titán Plaza - Bogotá"},
  {"id": "local_013", "title": "Centro Comercial Buenavista - Barranquilla"},
  {"id": "local_014", "title": "Centro Comercial Portal del Prado - Barranquilla"},
  {"id": "local_015", "title": "Centro Comercial Viva Barranquilla"},
  {"id": "local_016", "title": "Centro Comercial Mayorca - Envigado"},
  {"id": "local_017", "title": "Centro Comercial Los Molinos - Medellín"},
  {"id": "local_018", "title": "Centro Comercial Premium Plaza - Medellín"},
  {"id": "local_019", "title": "Centro Comercial Parque Caracolí - Bucaramanga"},
  {"id": "local_020", "title": "Centro Comercial Cacique - Bucaramanga"},
  {"id": "local_021", "title": "Centro Comercial La Florida - Bucaramanga"},
  {"id": "local_022", "title": "Centro Comercial Único - Cali"},
  {"id": "local_023", "title": "Centro Comercial Cosmocentro - Cali"},
  {"id": "local_024", "title": "Centro Comercial Unicali - Cali"},
  {"id": "local_025", "title": "Centro Comercial Aventura - Santa Marta"},
  {"id": "local_026", "title": "Centro Comercial Ocean Mall - Santa Marta"},
  {"id": "local_027", "title": "Centro Comercial Única - Manizales"},
  {"id": "local_028", "title": "Centro Comercial Cable Plaza - Manizales"},
  {"id": "local_029", "title": "Centro Comercial Fundadores - Manizales"},
  {"id": "local_030", "title": "Centro Comercial Viva Envigado"},
  {"id": "local_031", "title": "Centro Comercial Oviedo - Medellín"},
  {"id": "local_032", "title": "Centro Comercial Monterrey - Medellín"},
  {"id": "local_033", "title": "Centro Comercial San Diego - Medellín"},
  {"id": "local_034", "title": "Centro Comercial Unicentro - Medellín"},
  {"id": "local_035", "title": "Centro Comercial Portal de la 80 - Medellín"},
  {"id": "local_036", "title": "Centro Comercial Sao - Bogotá"},
  {"id": "local_037", "title": "Centro Comercial Paseo Villa del Río - Bogotá"},
  {"id": "local_038", "title": "Centro Comercial Multiplaza - Bogotá"},
  {"id": "local_039", "title": "Centro Comercial Hayuelos - Bogotá"},
  {"id": "local_040", "title": "Centro Comercial Salitre Plaza - Bogotá"},
  {"id": "local_041", "title": "Centro Comercial Plaza de las Américas - Bogotá"},
  {"id": "local_042", "title": "Centro Comercial Tintal Plaza - Bogotá"},
  {"id": "local_043", "title": "Centro Comercial Fontanar - Bogotá"},
  {"id": "local_044", "title": "Centro Comercial Plaza Imperial - Bogotá"},
  {"id": "local_045", "title": "Centro Comercial Calima - Bogotá"},
  {"id": "local_046", "title": "Centro Comercial Galerías - Bogotá"},
  {"id": "local_047", "title": "Centro Comercial Granahorrar - Bogotá"},
  {"id": "local_048", "title": "Centro Comercial Iserra 100 - Bogotá"},
  {"id": "local_049", "title": "Centro Comercial Centro Mayor - Bogotá"},
  {"id": "local_050", "title": "Centro Comercial Atlantis Plaza - Bogotá"},
  {"id": "local_051", "title": "Centro Comercial Altavista - Bogotá"},
  {"id": "local_052", "title": "Centro Comercial Viva Villavicencio"},
  {"id": "local_053", "title": "Centro Comercial Unicentro - Villavicencio"},
  {"id": "local_054", "title": "Centro Comercial Llanocentro - Villavicencio"},
  {"id": "local_055", "title": "Centro Comercial Primavera Urbana - Villavicencio"},
  {"id": "local_056", "title": "Centro Comercial Viva Tunja"},
  {"id": "local_057", "title": "Centro Comercial Unicentro - Tunja"},
  {"id": "local_058", "title": "Centro Comercial Parque Caracolí - Bucaramanga"},
  {"id": "local_059", "title": "Centro Comercial Megamall - Bucaramanga"},
  {"id": "local_060", "title": "Centro Comercial Carrera 27 - Bucaramanga"},
  {"id": "local_061", "title": "Centro Comercial Portal del Quindío - Armenia"},
  {"id": "local_062", "title": "Centro Comercial Unicentro - Armenia"},
  {"id": "local_063", "title": "Centro Comercial Bolívar - Armenia"},
  {"id": "local_064", "title": "Centro Comercial Viva Pereira"},
  {"id": "local_065", "title": "Centro Comercial Unicentro - Pereira"},
  {"id": "local_066", "title": "Centro Comercial Arboleda - Pereira"},
  {"id": "local_067", "title": "Centro Comercial Parque Arboleda - Pereira"},
  {"id": "local_068", "title": "Centro Comercial Ciudad Victoria - Pereira"},
  {"id": "local_069", "title": "Centro Comercial Éxito Pereira"},
  {"id": "local_070", "title": "Centro Comercial La Isla - Ibagué"},
  {"id": "local_071", "title": "Centro Comercial La Estación - Ibagué"},
  {"id": "local_072", "title": "Centro Comercial Multicentro - Ibagué"},
  {"id": "local_073", "title": "Centro Comercial Combeima - Ibagué"},
  {"id": "local_074", "title": "Centro Comercial Único - Neiva"},
  {"id": "local_075", "title": "Centro Comercial San Pedro Plaza - Neiva"},
  {"id": "local_076", "title": "Centro Comercial Terramall - Neiva"},
  {"id": "local_077", "title": "Centro Comercial Unicentro - Cúcuta"},
  {"id": "local_078", "title": "Centro Comercial Ventura - Cúcuta"},
  {"id": "local_079", "title": "Centro Comercial Alejandría - Cúcuta"},
  {"id": "local_080", "title": "Centro Comercial Bolivar Centro - Popayán"},
  {"id": "local_081", "title": "Centro Comercial Campanario - Popayán"},
  {"id": "local_082", "title": "Centro Comercial Unicentro - Pasto"},
  {"id": "local_083", "title": "Centro Comercial Único - Pasto"},
  {"id": "local_084", "title": "Centro Comercial Bomboná - Pasto"},
  {"id": "local_085", "title": "Centro Comercial Único - Montería"},
  {"id": "local_086", "title": "Centro Comercial Nuestro - Montería"},
  {"id": "local_087", "title": "Centro Comercial Buenavista - Montería"},
  {"id": "local_088", "title": "Centro Comercial Único - Sincelejo"},
  {"id": "local_089", "title": "Centro Comercial Guacarí - Sincelejo"},
  {"id": "local_090", "title": "Centro Comercial Único - Valledupar"},
  {"id": "local_091", "title": "Centro Comercial Guatapurí - Valledupar"},
  {"id": "local_092", "title": "Centro Comercial Mayales - Valledupar"},
  {"id": "local_093", "title": "Centro Comercial Jardín Plaza - Riohacha"},
  {"id": "local_094", "title": "Centro Comercial Único - Riohacha"},
  {"id": "local_095", "title": "Centro Comercial Único - Quibdó"},
  {"id": "local_096", "title": "Centro Comercial Único - Florencia"},
  {"id": "local_097", "title": "Centro Comercial Único - Yopal"},
  {"id": "local_098", "title": "Centro Comercial El Alcaraván - Yopal"},
  {"id": "local_099", "title": "Centro Comercial Único - Arauca"},
  {"id": "local_100", "title": "Centro Comercial Único - Sogamoso"},
  {"id": "local_101", "title": "Centro Comercial Unicentro - Sogamoso"},
  {"id": "local_102", "title": "Centro Comercial Unicentro - Duitama"},
  {"id": "local_103", "title": "Centro Comercial La Riviera - Girardot"},
  {"id": "local_104", "title": "Centro Comercial Único - Girardot"},
  {"id": "local_105", "title": "Centro Comercial Paseo del Comercio - Fusagasugá"},
  {"id": "local_106", "title": "Centro Comercial Sabana Centro - Chía"},
  {"id": "local_107", "title": "Centro Comercial Fontanar - Chía"},
  {"id": "local_108", "title": "Centro Comercial Único - Zipaquirá"},
  {"id": "local_109", "title": "Centro Comercial Único - Facatativá"},
  {"id": "local_110", "title": "Centro Comercial Único - Soacha"},
  {"id": "local_111", "title": "Centro Comercial Mercurio - Soacha"},
  {"id": "local_112", "title": "Centro Comercial Único - Funza"},
  {"id": "local_113", "title": "Centro Comercial Único - Madrid"},
  {"id": "local_114", "title": "Centro Comercial Único - Mosquera"},
  {"id": "local_115", "title": "Centro Comercial Único - Cajicá"},
  {"id": "local_116", "title": "Centro Comercial Único - La Calera"},
  {"id": "local_117", "title": "Centro Comercial Viva Tuluá"},
  {"id": "local_118", "title": "Centro Comercial Unicentro - Tuluá"},
  {"id": "local_119", "title": "Centro Comercial Único - Buga"},
  {"id": "local_120", "title": "Centro Comercial Único - Cartago"},
  {"id": "local_121", "title": "Centro Comercial Único - Palmira"},
  {"id": "local_122", "title": "Centro Comercial Llanogrande - Rionegro"},
  {"id": "local_123", "title": "Centro Comercial Viva Rionegro"},
  {"id": "local_124", "title": "Centro Comercial Único - Itagüí"},
  {"id": "local_125", "title": "Centro Comercial Ciudad del Río - Medellín"},
  {"id": "local_126", "title": "Centro Comercial Único - Bello"},
  {"id": "local_127", "title": "Centro Comercial Único - Sabaneta"},
  {"id": "local_128", "title": "Centro Comercial Único - La Estrella"},
  {"id": "local_129", "title": "Centro Comercial Único - Caldas"},
  {"id": "local_130", "title": "Centro Comercial Único - Copacabana"},
  {"id": "local_131", "title": "Centro Comercial Único - Girardota"},
  {"id": "local_132", "title": "Centro Comercial Único - Barbosa"},
  {"id": "local_133", "title": "Centro Comercial Único - La Ceja"},
  {"id": "local_134", "title": "Centro Comercial Único - Marinilla"},
  {"id": "local_135", "title": "Centro Comercial Único - El Carmen de Viboral"},
  {"id": "local_136", "title": "Centro Comercial Único - Guarne"},
  {"id": "local_137", "title": "Centro Comercial Único - San Vicente"},
  {"id": "local_138", "title": "Centro Comercial Único - Puerto Berrío"},
  {"id": "local_139", "title": "Centro Comercial Único - Apartadó"},
  {"id": "local_140", "title": "Centro Comercial Único - Turbo"},
  {"id": "local_141", "title": "Centro Comercial Único - Caucasia"},
  {"id": "local_142", "title": "Centro Comercial Único - El Bagre"},
  {"id": "local_143", "title": "Centro Comercial Único - Yarumal"},
  {"id": "local_144", "title": "Centro Comercial Único - Santa Rosa de Osos"},
  {"id": "local_145", "title": "Centro Comercial Único - Andes"},
  {"id": "local_146", "title": "Centro Comercial Único - Jardín"},
  {"id": "local_147", "title": "Centro Comercial Único - Jericó"},
  {"id": "local_148", "title": "Centro Comercial Único - Támesis"},
  {"id": "local_149", "title": "Centro Comercial Único - Urrao"},
  {"id": "local_150", "title": "Centro Comercial Único - Sonsón"},
  {"id": "local_151", "title": "Centro Comercial Único - Abejorral"},
  {"id": "local_152", "title": "Centro Comercial Único - Fredonia"},
  {"id": "local_153", "title": "Centro Comercial Único - Amagá"},
  {"id": "local_154", "title": "Centro Comercial Único - Titiribí"},
  {"id": "local_155", "title": "Centro Comercial Único - Venecia"},
  {"id": "local_156", "title": "Centro Comercial Único - San Pedro de los Milagros"},
  {"id": "local_157", "title": "Centro Comercial Único - Belmira"},
  {"id": "local_158", "title": "Centro Comercial Único - Entrerríos"},
  {"id": "local_159", "title": "Centro Comercial Único - San José de la Montaña"},
  {"id": "local_160", "title": "Centro Comercial Único - Angostura"},
  {"id": "local_161", "title": "Centro Comercial Único - Briceño"},
  {"id": "local_162", "title": "Centro Comercial Único - Campamento"},
  {"id": "local_163", "title": "Centro Comercial Único - Carolina"},
  {"id": "local_164", "title": "Centro Comercial Único - Gómez Plata"},
  {"id": "local_165", "title": "Centro Comercial Único - Guadalupe"},
  {"id": "local_166", "title": "Centro Comercial Único - Ituango"},
  {"id": "local_167", "title": "Centro Comercial Único - San Andrés de Cuerquia"},
  {"id": "local_168", "title": "Centro Comercial Único - Toledo"},
  {"id": "local_169", "title": "Centro Comercial Único - Valdivia"},
  {"id": "local_170", "title": "Centro Comercial Único - San Rafael"},
  {"id": "local_171", "title": "Centro Comercial Único - Cocorná"},
  {"id": "local_172", "title": "Centro Comercial Único - Granada"},
  {"id": "local_173", "title": "Centro Comercial Único - Guatapé"},
  {"id": "local_174", "title": "Centro Comercial Único - Peñol"},
  {"id": "local_175", "title": "Centro Comercial Único - San Carlos"},
  {"id": "local_176", "title": "Centro Comercial Único - San Luis"},
  {"id": "local_177", "title": "Centro Comercial Único - San Roque"},
  {"id": "local_178", "title": "Centro Comercial Único - Santo Domingo"},
  {"id": "local_179", "title": "Centro Comercial Único - Argelia"},
  {"id": "local_180", "title": "Centro Comercial Único - Nariño"},
  {"id": "local_181", "title": "Centro Comercial Único - Sonsón"},
  {"id": "local_182", "title": "Centro Comercial Único - Abriaquí"},
  {"id": "local_183", "title": "Centro Comercial Único - Anzá"},
  {"id": "local_184", "title": "Centro Comercial Único - Armenia"},
  {"id": "local_185", "title": "Centro Comercial Único - Buriticá"},
  {"id": "local_186", "title": "Centro Comercial Único - Cañasgordas"},
  {"id": "local_187", "title": "Centro Comercial Único - Dabeiba"},
  {"id": "local_188", "title": "Centro Comercial Único - Ebéjico"},
  {"id": "local_189", "title": "Centro Comercial Único - Frontino"},
  {"id": "local_190", "title": "Centro Comercial Único - Giraldo"},
  {"id": "local_191", "title": "Centro Comercial Único - Heliconia"},
  {"id": "local_192", "title": "Centro Comercial Único - Liborina"},
  {"id": "local_193", "title": "Centro Comercial Único - Olaya"},
  {"id": "local_194", "title": "Centro Comercial Único - Peque"},
  {"id": "local_195", "title": "Centro Comercial Único - Sabanalarga"},
  {"id": "local_196", "title": "Centro Comercial Único - San Jerónimo"},
  {"id": "local_197", "title": "Centro Comercial Único - Santa Fe de Antioquia"},
  {"id": "local_198", "title": "Centro Comercial Único - Sopetrán"},
  {"id": "local_199", "title": "Centro Comercial Único - Uramita"},
  {"id": "local_200", "title": "Centro Comercial Único - Caicedo"},
  {"id": "local_201", "title": "Centro Comercial Único - Tarso"},
  {"id": "local_202", "title": "Centro Comercial Único - Pueblorrico"},
  {"id": "local_203", "title": "Centro Comercial Único - Salgar"},
  {"id": "local_204", "title": "Centro Comercial Único - Concordia"},
  {"id": "local_205", "title": "Centro Comercial Único - Hispania"},
  {"id": "local_206", "title": "Centro Comercial Único - Betulia"},
  {"id": "local_207", "title": "Centro Comercial Único - Ciudad Bolívar"},
  {"id": "local_208", "title": "Centro Comercial La 14 - Cali"},
  {"id": "local_209", "title": "Centro Comercial Premier Limonar - Cali"},
  {"id": "local_210", "title": "Centro Comercial Holguines Trade Center - Cali"}
]
